variant,channels,n_seeds,rms_mean,rms_std,fwhm_mean,fwhm_std,bias_mean,bias_std
base,32,3,0.6121,0.0049,0.7337,0.0202,0.4648,0.0110
base,16,3,0.5025,0.0058,0.7433,0.0146,0.3407,0.0078
base,8,3,0.5637,0.0061,0.7510,0.0238,0.3875,0.0107
base,4,3,1.2116,0.0333,0.9611,0.0313,1.0338,0.0454
cosine,32,3,0.4915,0.0043,0.6513,0.0100,0.3322,0.0031
cosine,16,3,0.3709,0.0030,0.6620,0.0071,0.1837,0.0004
cosine,8,3,0.5045,0.0020,0.6538,0.0049,0.3193,0.0035
cosine,4,3,1.4533,0.0047,0.7621,0.0050,1.3331,0.0076
soft,32,3,0.3339,0.0081,0.5568,0.0084,0.1829,0.0088
soft,16,3,0.3414,0.0035,0.6050,0.0022,0.1763,0.0043
soft,8,3,0.4844,0.0091,0.7100,0.0111,0.2957,0.0085
soft,4,3,1.1581,0.0263,0.9734,0.0376,0.9663,0.0393
best,32,3,0.4559,0.0147,0.5788,0.0137,0.3267,0.0111
best,16,3,0.4442,0.0202,0.6486,0.0463,0.2940,0.0112
best,8,3,0.5560,0.0079,0.7167,0.0058,0.3850,0.0120
best,4,3,1.1916,0.0299,0.9915,0.0463,1.0084,0.0413
all,32,3,0.2829,0.0015,0.5427,0.0026,0.1192,0.0023
all,16,3,0.2977,0.0020,0.5893,0.0034,0.1199,0.0032
all,8,3,0.4705,0.0015,0.6588,0.0043,0.2795,0.0016
all,4,3,1.4129,0.0117,0.7766,0.0066,1.2837,0.0176
